,index,id,label,text,triple
0,491,6873.json,False,This is what President Obama said the jobless rate would be if we passed the stimulus 5.6 percent.,"[['Barack Obama', 'people/person/employment_history./business/employment_tenure/title', 'President']]"
1,493,7976.json,True,Says President Obama has cracked down on employers who are attracting undocumented immigrants and hiring them more than any previous president.,"[['Barack Obama', 'people/person/employment_history./business/employment_tenure/title', 'President']]"
2,503,2354.json,True,Says State Rep. Kristi Thibaut was an ACORN lobbyist.,"[['200', 'organization/role/leaders./organization/leadership/person', 'Acorn'], ['200', 'people/person/employment_history./business/employment_tenure/title', 'United States House of Representatives']]"
3,2484,980.json,False,Secretary Geithner has left the option on the table of abandoning the dollar for a multinational currency.,"[['Timothy F. Geithner', 'people/person/employment_history./business/employment_tenure/title', 'Secretary']]"
4,2486,6457.json,False,Says U.S. Rep. Martin Heinrich spent a trillion of our tax dollars on a stimulus for failed companies here and jobs overseas.,"[['Martin Heinrich', 'people/person/employment_history./business/employment_tenure/title', 'REP']]"
5,638,7473.json,False,Says Gov. Rick Scott cut more government jobs than were created in the private sector in Florida in 2012.,"[['Rick Scott', 'people/person/employment_history./business/employment_tenure/title', '.gov']]"
6,644,3747.json,False,"George Allen had 40,000 earmarks while he was a senator.","[['George Allen', 'people/person/employment_history./business/employment_tenure/title', 'Senator']]"
7,1254,10707.json,False,Says U.S. Rep. Patrick Murphy has sided with the GOP on key votes twice as often as he sided with Democrats.,"[['Patrick Murphy (Pennsylvania politician)', 'organization/role/leaders./organization/leadership/person', 'Det republikanske parti (USA)'], ['Patrick Murphy (Pennsylvania politician)', 'people/person/employment_history./business/employment_tenure/title', 'REP'], ['Patrick Murphy (Pennsylvania politician)', 'organization/role/leaders./organization/leadership/person', 'Det republikanske parti (USA)'], ['Patrick Murphy (Pennsylvania politician)', 'organization/role/leaders./organization/leadership/person', 'Det republikanske parti (USA)'], ['Patrick Murphy (Pennsylvania politician)', 'organization/role/leaders./organization/leadership/person', 'Det republikanske parti (USA)'], ['Patrick Murphy (Pennsylvania politician)', 'organization/role/leaders./organization/leadership/person', 'Det republikanske parti (USA)']]"
8,2,1585.json,True,House Speaker Nancy Pelosi said this week that the Democrats have to pass their terrible health care bill so that the American people can actually find out whats in it.,"[['Nancy Pelosi', 'people/person/employment_history./business/employment_tenure/title', 'Speaker i Representantenes hus i USA']]"
9,18,6632.json,True,Says Bruce Springsteen played in 1975 at Seton Hall University in South Orange at Walsh gym.,"[['Bruce Springsteen', 'organization/role/leaders./organization/leadership/person', 'Seton Hall University']]"
10,30,3459.json,True,"Since President Obama took office, gas prices have gone up 67 percent.","[['Barack Obama', 'people/person/employment_history./business/employment_tenure/title', 'President']]"
11,34,2929.json,False,"When President Franklin D. Roosevelt started Social Security, it only affected widows and orphans, and when Medicare began, it was a small program.","[['Franklin D. Roosevelt', 'people/person/employment_history./business/employment_tenure/title', 'President'], ['Franklin D. Roosevelt', 'organization/role/leaders./organization/leadership/person', 'Social Security (United States)']]"
12,42,12573.json,True,"When he served as governor, Schwarzenegger preserved more land than any other gubernatorial administration in Californias history.","[['Arnold Schwarzenegger', 'people/person/employment_history./business/employment_tenure/title', 'Governor']]"
13,45,11450.json,True,Rep. Peter Petrarca voted on two pieces of legislation that helped auto body shops ... and at that point I think there is a conflict of interest.,"[['200', 'people/person/employment_history./business/employment_tenure/title', 'REP']]"
14,46,11128.json,False,Says Hillary Clinton refuses to testify before Congress about the 2012 attack in Benghazi.,"[['Hillary Clinton', 'organization/role/leaders./organization/leadership/person', 'United States Congress']]"
15,61,9478.json,False,ISIS leader Abu Bakr al Baghdadi was released by Obama in 2009.,"[['Abu Bakr al-Baghdadi', 'organization/role/leaders./organization/leadership/person', 'Den islamske staten Irak og Levanten'], ['Abu Bakr al-Baghdadi', 'organization/role/leaders./organization/leadership/person', 'Barack Obama'], ['Abu Bakr al-Baghdadi', 'people/person/employment_history./business/employment_tenure/title', 'Leadership']]"
16,72,6752.json,True,Says that in the U.S. House of Representatives weve had bipartisan support for the repeal of Obamacare for getting rid of cap and trade for building the Keystone Pipeline.,"[['Representantenes hus (USA)', 'organization/organization/headquarters./location/mailing_address/country', 'Us (2019 film)']]"
17,80,10660.json,False,Says Gov. Scott Walker has been rated Americas most factuallychallenged politician.,"[['Scott Walker (sanger)', 'people/person/employment_history./business/employment_tenure/title', '.gov']]"
18,81,2318.json,True,Sharron Angle would eliminate the Department of Education.,"[['Sharron Angle', 'organization/role/leaders./organization/leadership/person', '200'], ['Sharron Angle', 'organization/role/leaders./organization/leadership/person', '200']]"
19,88,3373.json,False,"In slashing 1.7 billion from Social Security, Rep. Jim Renacci may end up forcing the entire agency to ... shut down for a month, causing seniors to not get their benefits on time, halting claims processing, and forcing new retirees and disabled workers into a backlog.","[['Jim Renacci', 'people/person/employment_history./business/employment_tenure/title', 'REP']]"
20,92,7088.json,True,"Says a poll shows that without a name attached, Democrats are just one point behind Gov. John Kasich.","[['John Kasich', 'people/person/employment_history./business/employment_tenure/title', '.gov']]"
21,94,4362.json,True,People for the Ethical Treatment of Animals estimates 200 animals will be spared annually as the result of former President Bill Clinton adopting a vegan diet.,"[['Bill Clinton', 'people/person/employment_history./business/employment_tenure/title', 'President']]"
22,101,5402.json,True,"The governor is trying to take credit for recent actions taken by these companies. The problem is that for all three companies, the decision to move or stay in New Jersey happened before Chris Christie became governor.","[['Chris Christie', 'people/person/employment_history./business/employment_tenure/title', 'Governor']]"
23,104,743.json,True,"He has asked for 932million of earmark porkbarrel spending, nearly a million dollars for every day that hes been in the United States Senate.","[['USAs senat', 'organization/organization/headquarters./location/mailing_address/country', 'United States']]"
24,110,5755.json,False,Says President Obamas decision to not issue a permit for the Keystone XL pipeline meant we were denied the ability immediately to reduce prices at the pump.,"[['Barack Obama', 'people/person/employment_history./business/employment_tenure/title', 'President']]"
25,113,4433.json,True,"In writing his book, Gov. Perry pointed out that by any measure Social Security has been a failure.","[['Katy Perry', 'people/person/employment_history./business/employment_tenure/title', '.gov']]"
26,123,11688.json,False,"One of the things I would immediately do is bring back the warrior class  Petraeus, McChrystal, Mattis, Keane, Flynn. ... Every one was retired early because they told President Obama things that he didnt want to hear.","[['Barack Obama', 'people/person/employment_history./business/employment_tenure/title', 'President']]"
27,128,13359.json,False,Says President Obama was proposing pinprick strikes for military intervention in Syria.,"[['Barack Obama', 'people/person/employment_history./business/employment_tenure/title', 'President']]"
28,133,1029.json,True,"President Obamas own director of national intelligence, Admiral Blair, put it this way Highvalue information came from interrogations in which those methods were used and provided a deeper understanding of the alQaida organization that was attacking this country.","[['Tony Blair', 'people/person/employment_history./business/employment_tenure/title', 'Admiral'], ['Barack Obama', 'people/person/employment_history./business/employment_tenure/title', 'President']]"
29,147,11973.json,False,"Says Travis County Commissioner Gerald Daugherty claims to have taken a pay cut, but for 2016, he voted to raise his salary by 19.6 percent.","[['200', 'people/person/employment_history./business/employment_tenure/title', 'County commission']]"
30,151,9665.json,True,Brookhaven homeowners pay hundreds of dollars less in property taxes compared with owners of the samevalue homes in unincorporated DeKalb County.,"[['County', 'location/hud_county_place/county', 'DeKalb (Illinois)']]"
31,174,10569.json,True,Says President Barack Obama made unilateral changes to Obamacare 38 times.,"[['Barack Obama', 'people/person/employment_history./business/employment_tenure/title', 'President']]"
32,183,8852.json,True,David Dewhurst is the first lieutenant governor in history to have a personal security detail.,"[['David Dewhurst', 'people/person/employment_history./business/employment_tenure/title', 'Løytnant'], ['David Dewhurst', 'people/person/employment_history./business/employment_tenure/title', 'Lieutenant governor']]"
33,186,1724.json,False,Says Gov. Rick Perry has never held a privatesector job.,"[['Rick Perry', 'people/person/employment_history./business/employment_tenure/title', '.gov']]"
34,187,6724.json,False,Says President Obama promised hed keep unemployment below 8 percent if the stimulus passed.,"[['Barack Obama', 'people/person/employment_history./business/employment_tenure/title', 'President']]"
35,188,13507.json,True,Says Indiana Gov. Mike Pence advocated diverting taxpayer dollars to socalled conversion therapy.,"[['Mike Pence', 'people/person/employment_history./business/employment_tenure/title', '.gov']]"
36,189,6787.json,True,"Says Ted Cruz has pledged to eliminate the U.S. Department of Education, which would end federal aid to college students.","[['Ted Cruz', 'organization/role/leaders./organization/leadership/person', 'United States Department of Education'], ['Ted Cruz', 'organization/role/leaders./organization/leadership/person', '200']]"
37,198,1368.json,True,Charlie Crist broke the quarter record for fundraising in a U.S. Senate race in Florida.,"[['USAs senat', 'organization/organization/headquarters./location/mailing_address/country', 'Us (2019 film)']]"
38,205,602.json,True,On supporting the Supreme Court abortion decision Roe v. Wade,"[['Roe mot Wade', 'organization/role/leaders./organization/leadership/person', 'Supreme Court of the United States']]"
39,214,9877.json,True,Says Democratic Senate candidate Bruce Braley voted to cut 700 billion from Medicare to support Obamacare.,"[['Bruce Braley', 'organization/role/leaders./organization/leadership/person', 'USAs senat'], ['Bruce Braley', 'people/person/employment_history./business/employment_tenure/title', 'Candidate']]"
40,217,13456.json,False,"1928 was last time Republicans had the White House, the House and the Senate.","[['White House', 'organization/organization/headquarters./location/mailing_address/country', 'USAs senat'], ['White House', 'organization/organization/headquarters./location/mailing_address/country', 'House M.D.']]"
41,230,6528.json,True,"Says U.S. Senate rival Tommy Thompson wants to give a new 265,000 tax cut to millionaires like himself while raising taxes on the middle class.","[['Tommy Thompson', 'organization/role/leaders./organization/leadership/person', 'USAs senat']]"
42,235,7587.json,True,Atlanta Mayor Kasim Reed held not one conversation with the public about the new Falcons stadium project,"[['Kasim Reed', 'people/person/employment_history./business/employment_tenure/title', 'Mayor']]"
43,252,7567.json,False,This parent trigger legislation was drafted by President Obamas top advisers. It was drafted by President Clintons top advisers.,"[['Barack Obama', 'people/person/employment_history./business/employment_tenure/title', 'President'], ['Bill Clinton', 'people/person/employment_history./business/employment_tenure/title', 'President']]"
44,253,12495.json,True,Says Ron Johnson voted to turn Medicare into a voucher program.,"[['Ron Johnson', 'organization/role/leaders./organization/leadership/person', 'Medicare (USA)']]"
45,257,673.json,True,"Today, we import triple the amount of oil than we had on the day Senator McCain took office.","[['John McCain', 'people/person/employment_history./business/employment_tenure/title', 'Senator']]"
46,260,2565.json,True,Said state insurance commissioner candidate Ralph Hudgens fights hard to strip women of lifesaving coverage such as mammograms.,"[['Ralph Hudgens', 'people/person/employment_history./business/employment_tenure/title', 'Candidate']]"
47,269,12451.json,True,"Right now, in every major poll, national poll and statewide poll done in the last month, six weeks, we are defeating Trump, often by big numbersand always at a larger margin than Secretary Clinton is.","[['Bill Clinton', 'people/person/employment_history./business/employment_tenure/title', 'Secretary']]"
48,275,5632.json,True,President Barack Obama reduced the cost of prescription drugs for nearly 3.6 million Americans in 2011.,"[['Barack Obama', 'people/person/employment_history./business/employment_tenure/title', 'President']]"
49,281,5155.json,False,The ACLU and atheists in Denver are demanding the NFL stop Tim Tebow from praying on the sidelines.,"[['National Football League', 'organization/role/leaders./organization/leadership/person', 'Tim Tebow']]"
50,288,4894.json,False,U.S. Rep. Debbie Wasserman Schultz has blamed the Republicans for the creation of Hamas.,"[['Debbie Wasserman Schultz', 'people/person/employment_history./business/employment_tenure/title', 'REP']]"
51,295,5827.json,False,U.S. Rep. Allen West wants to bring back earmarks.,"[['Allen West (politiker)', 'people/person/employment_history./business/employment_tenure/title', 'REP']]"
52,302,821.json,False,The McCain campaign is roughly in the position where Vice President Gore was running against President Bush one week before the election of 2000.,"[['George W. Bush', 'people/person/employment_history./business/employment_tenure/title', 'President'], ['200', 'people/person/employment_history./business/employment_tenure/title', 'Vice President of the United States'], ['200', 'people/person/employment_history./business/employment_tenure/title', 'George W. Bush']]"
53,311,9711.json,False,"Says U.S. Rep. Ann McLane Kuster used 293,000 of taxpayer money to send campaign mail.","[['Ann McLane Kuster', 'people/person/employment_history./business/employment_tenure/title', 'REP']]"
54,317,12532.json,False,"The Obama administration was actively supporting Al Qaeda in Iraq, the terrorist group that became the Islamic State.","[['al-Qaida', 'organization/organization/headquarters./location/mailing_address/country', 'Iraq']]"
55,326,7025.json,False,"Says that when Congressman Steve Cohen took office in 2007, the unemployment rate was at 4.8 percent. The unemployment rate in Shelby County has reached 9.7 percent.","[['Steve Cohen (businessman)', 'people/person/employment_history./business/employment_tenure/title', 'Member of Congress'], ['County', 'location/hud_county_place/county', 'Carroll Shelby']]"
56,328,2856.json,True,"Says President Obama has grown the federal government payroll by 141,000 workers and wants to add 125,000 more.","[['Barack Obama', 'people/person/employment_history./business/employment_tenure/title', 'President']]"
57,329,10921.json,True,"In Florida, when Jeb Bush was governor, state authorities conducted a deeply flawed purge of voters before the presidential election in 2000 and in2004 a plan to purge even more voters was headed off.","[['Jeb Bush', 'people/person/employment_history./business/employment_tenure/title', 'Governor']]"
58,331,1440.json,False,"President Obama pledged to go through the budget line by line, but on his watch, nondefense spending has spiraled out of control, increasing by 67 percent in the last year alone.","[['Barack Obama', 'people/person/employment_history./business/employment_tenure/title', 'President']]"
59,343,10221.json,True,Austin mayoral candidate Steve Adler admitted his law firm worked with Koch Industries for nearly a decade.,"[['Steven Adler', 'people/person/employment_history./business/employment_tenure/title', 'Candidate']]"
60,349,2598.json,False,"Says state Rep. Patrick Rose votes 90 percent with liberals, backed the states largest tax increase, proposed nearly 15 billion in government spending and supported Obamastyle governmentrun health care system for Texas.","[['Patrick Rose', 'people/person/employment_history./business/employment_tenure/title', 'United States House of Representatives']]"
61,354,11754.json,False,"California Senator, Democratic Senator Dianne Feinstein said if she could say to Mr. America and Mrs. America, Give me your guns, Im rounding em up, she would.","[['Dianne Feinstein', 'people/person/employment_history./business/employment_tenure/title', 'Senator']]"
62,381,9899.json,True,Says President Obama has never made a statement ... that he wanted a residual force left in Iraq.,"[['Barack Obama', 'people/person/employment_history./business/employment_tenure/title', 'President']]"
63,384,2637.json,False,Says Maryellen OShaughnessy accepted campaign cash from indicted politician Jimmy Dimora.,"[['Jimmy Dimora', 'people/person/employment_history./business/employment_tenure/title', 'Politician'], [""Maryellen O'Shaughnessy"", 'people/person/employment_history./business/employment_tenure/title', 'Jimmy Dimora']]"
64,404,4394.json,False,Says U.S. Rep. Paul Ryans budget proposal eliminates Medicare in 10 years.,"[['Paul Ryan', 'people/person/employment_history./business/employment_tenure/title', 'REP']]"
65,406,9702.json,False,Says U.S. Senate candidate Cory Gardner blocked immigration reform and voted to deport our DREAMers.,"[['Cory Gardner', 'organization/role/leaders./organization/leadership/person', 'USAs senat'], ['Cory Gardner', 'people/person/employment_history./business/employment_tenure/title', 'Candidate']]"
66,424,10518.json,False,Says Supreme Court Justice Sonia Sotomayor has animmigrant family background.,"[['Sonia Sotomayor', 'organization/role/leaders./organization/leadership/person', 'Supreme Court of the United States']]"
67,427,1803.json,True,"California gubernatorial candidate Steve Poizner, a Republican, gave 10,000 to Al Gores recount effort in 2000.","[['Steve Poizner', 'people/person/employment_history./business/employment_tenure/title', '2020 United States gubernatorial elections']]"
68,435,12129.json,False,"Congressman Jeff Denhamhas agreed all illegal immigrants should be detained, arrested and deported.","[['200', 'people/person/employment_history./business/employment_tenure/title', 'Member of Congress']]"
69,437,12979.json,False,"As governor, Tim Kaine oversaw a huge increase in illegal immigration, a tremendous increase.","[['Tim Kaine', 'people/person/employment_history./business/employment_tenure/title', 'Governor']]"
70,438,10689.json,True,Says Indiana Gov. Mike Pence provides zero state funding for homeless shelters.,"[['Mike Pence', 'people/person/employment_history./business/employment_tenure/title', '.gov']]"
71,464,11055.json,False,Says President Obama is reducing our naval fleet to 1917 levels...,"[['Barack Obama', 'people/person/employment_history./business/employment_tenure/title', 'President']]"
72,472,535.json,True,"I joined the Gang of 14, seven Republicans, seven Democrats, so that we wouldnt blow up the United States Senate. Sen. Obama had the opportunity to join that group. He chose not to.","[['USAs senat', 'organization/organization/headquarters./location/mailing_address/country', 'United States']]"
73,473,6870.json,False,"Gov. Nathan Deal has taken at least 15,600 from the Koch brothers, their businesses, and their employees.","[['Nathan Deal', 'people/person/employment_history./business/employment_tenure/title', '.gov']]"
74,481,10316.json,True,A bill from U.S. Rep. Ted Yohoattempts to restrict the administrations ability to conduct national security and criminal background checks on undocumented immigrants.,"[['200', 'people/person/employment_history./business/employment_tenure/title', 'REP']]"
75,499,1813.json,False,The fact that Rick Scott is running for governor as a reformer would be funny if it wasnt so outrageous. This is a man who barely escaped imprisonment.,"[['Rick Scott', 'people/person/employment_history./business/employment_tenure/title', 'Governor']]"
76,507,9707.json,True,"The people who want President Barack Obama impeached are all white, theyre all older, and guess what, theyre in the far right wing of the Republican Party.","[['Barack Obama', 'people/person/employment_history./business/employment_tenure/title', 'President']]"
77,521,7226.json,False,"While President Obama says all options are on the table for preventing a nuclear Iran, Hagel says military action is not a viable, feasible, responsible option.","[['Barack Obama', 'people/person/employment_history./business/employment_tenure/title', 'President']]"
78,527,8134.json,True,Says President Franklin Delano Roosevelt felt there wasnt a need in the public sector to have collective bargaining because the government is the people.,"[['Franklin D. Roosevelt', 'people/person/employment_history./business/employment_tenure/title', 'President']]"
79,530,6088.json,False,"Says Robert Menendez is the king of raising money from Wall Street, over a million dollars, one of the leaders in the United States Senate. I havent raised any Wall Street money at all.","[['USAs senat', 'organization/organization/headquarters./location/mailing_address/country', 'United States']]"
80,533,785.json,True,"Two years ago...I wrote to Secretary Paulson, I wrote to Federal Reserve Chairman Bernanke, and told them subprime lending is something we have to deal with.","[['Henry Paulson', 'people/person/employment_history./business/employment_tenure/title', 'Secretary'], ['Ben Bernanke', 'organization/role/leaders./organization/leadership/person', 'Federal Reserve'], ['Ben Bernanke', 'people/person/employment_history./business/employment_tenure/title', 'Chairperson']]"
81,539,1557.json,True,Says Gov. Charlie Crist has called him a rock star.,"[['Charlie Crist', 'people/person/employment_history./business/employment_tenure/title', '.gov']]"
82,540,5635.json,False,Says U.S. Rep. Connie Mack took seven and a half years to finish college.,"[['Connie Mack', 'people/person/employment_history./business/employment_tenure/title', 'REP']]"
83,554,652.json,True,"While in the Illinois Senate, Barack Obama passed legislation moving people from welfare to jobs.","[['Barack Obama', 'organization/role/leaders./organization/leadership/person', 'Illinois Senate']]"
84,555,12585.json,False,Gov. Terry McAuliffe has made several statements that he would love to be in a Cabinet secretary position with the Clinton administration.,"[['Terry McAuliffe', 'people/person/employment_history./business/employment_tenure/title', '.gov']]"
85,560,6224.json,True,"Says cuts by Gov. Rick Perrys administration left 12,000 teachers without a job.","[['Rick Perry', 'people/person/employment_history./business/employment_tenure/title', '.gov']]"
86,568,1549.json,False,Congressman McCollum voted to dismantle Social Security.,"[['CJ McCollum', 'people/person/employment_history./business/employment_tenure/title', 'Member of Congress'], ['CJ McCollum', 'organization/role/leaders./organization/leadership/person', 'Social Security (United States)']]"
87,576,11122.json,False,"Under Gov. Scott Walker, Wisconsin projected a 1 billion budget surplus and it turns out to be a deficit of 2.2 billion.","[['Scott Walker (sanger)', 'people/person/employment_history./business/employment_tenure/title', '.gov']]"
88,580,3967.json,True,Says former MiamiDade Mayor Carlos Alvarez and current mayoral candidate Carlos Gimenez both drove fancy European cars at taxpayer expense.,"[['Carlos A. Giménez', 'people/person/employment_history./business/employment_tenure/title', 'Candidate'], ['Carlos Álvarez (baritone)', 'people/person/employment_history./business/employment_tenure/title', 'Mayor']]"
89,587,748.json,False,Senator Obama has the most liberal voting record in the United States Senate.,"[['USAs senat', 'organization/organization/headquarters./location/mailing_address/country', 'United States'], ['Barack Obama', 'people/person/employment_history./business/employment_tenure/title', 'Senator']]"
90,592,12644.json,True,Taxpayers are paying a fortune for the use of Air Force One on the campaign trail by President Barack Obama and Hillary Clinton.,"[['Barack Obama', 'people/person/employment_history./business/employment_tenure/title', 'President']]"
91,638,10245.json,True,"The Orange County, Florida, school board voted to make it impossible for a student to receive a grade below 50.","[['County', 'location/hud_county_place/county', 'Orange (fruit)']]"
92,641,214.json,True,"Senator Obamas relatives and friends say he has been talking about running for president for at least the last 15 years, a campaign spokesman said.","[['Barack Obama', 'people/person/employment_history./business/employment_tenure/title', 'Senator']]"
93,642,984.json,False,President Obama has never received a paycheck from a profitmaking business in his entire life.,"[['Barack Obama', 'people/person/employment_history./business/employment_tenure/title', 'President']]"
94,648,1272.json,False,"If President Obama signs the Copenhagen climate change treaty, he will sign your freedom, your democracy, and your prosperity away forever and neither you nor any subsequent government you may elect would have any power whatsoever to take it back again.","[['Barack Obama', 'people/person/employment_history./business/employment_tenure/title', 'President']]"
95,650,1356.json,False,Labor union president Andy Stern is the most frequent visitor at the White House.,"[['Andy Stern', 'people/person/employment_history./business/employment_tenure/title', 'President'], ['Andy Stern', 'organization/role/leaders./organization/leadership/person', 'Labour']]"
96,661,11489.json,False,How is a misogynist bigot of epic proportions like U.S. Rep. Steven Smith allowed to serve?,"[['Steve Smith (cricketer)', 'people/person/employment_history./business/employment_tenure/title', 'REP']]"
97,667,3279.json,True,"The firefighters, the policemen and others who supported Wisconsin Gov. Scott Walker in his election bid ... dont have to worry about their collective bargaining rights.","[['Scott Walker (sanger)', 'people/person/employment_history./business/employment_tenure/title', '.gov']]"
98,683,1793.json,False,"Elena Kagan is a New York City radical, Marxist lawyer through and through.","[['Elena Kagan', 'people/person/employment_history./business/employment_tenure/title', 'York']]"
99,688,5968.json,False,Says large majority of Republicans believe Obama is a Muslim and not U.S.born.,"[['Barack Obama', 'people/person/religion', 'Islam'], ['Birthright citizenship in the United States', 'location/statistical_region/religions./location/religion_percentage/religion', 'Islam']]"
100,695,13362.json,False,"When Trump wanted to turn a taxpayerowned building into an 800 anight hotel, Congressman Jeff Denham, RCA helped broker the deal and bragged about it.","[['Jeff Denham', 'people/person/employment_history./business/employment_tenure/title', 'Member of Congress'], ['Donald Trump', 'people/person/employment_history./business/employment_tenure/title', 'Jeff Denham']]"
101,714,5614.json,False,Says former U.S. Rep. Carol SheaPorter refused to host town hall meetings during her time in Congress.,"[['Carol Shea-Porter', 'people/person/employment_history./business/employment_tenure/title', 'REP']]"
102,716,1043.json,False,On calling Supreme Court nominee Sonia Sotomayor a racist.,"[['Sonia Sotomayor', 'organization/role/leaders./organization/leadership/person', 'Supreme Court of the United States']]"
103,720,1609.json,False,Marco Rubio is a Miami lobbyist.,"[['Marco Rubio', 'people/person/employment_history./business/employment_tenure/title', 'Lobbyist']]"
104,742,1848.json,True,"When Roy Barnes was governor, Georgia created 235,000 jobs.","[['Roy Barnes', 'people/person/employment_history./business/employment_tenure/title', 'Governor']]"
105,763,9224.json,False,Says North Carolina Republican Senate candidate Thom Tillis called Obamacare a great idea.,"[['Thom Tillis', 'people/person/employment_history./business/employment_tenure/title', 'Candidate'], ['Thom Tillis', 'organization/role/leaders./organization/leadership/person', 'Thom Tillis']]"
106,766,6036.json,True,"Under Gov. Mitt Romney, Massachusetts ranked 47th in job creation.","[['Mitt Romney', 'people/person/employment_history./business/employment_tenure/title', '.gov'], ['Massachusetts', 'people/person/employment_history./business/employment_tenure/title', 'Mitt Romney'], ['Massachusetts', 'people/person/employment_history./business/employment_tenure/title', 'Mitt Romney']]"
107,770,2620.json,False,"Said U.S. Rep. Jim Marshall, DMacon, sent nearly 2 billion overseas to build wind turbines and create jobs, mostly in China","[['Jim Marshall (businessman)', 'people/person/employment_history./business/employment_tenure/title', 'REP']]"
108,796,3834.json,False,"The Medicare proposal by Rep. Paul Ryan, RWis., would allow insurance companies to deny you coverage and drop you for preexisting conditions.","[['Paul Ryan', 'people/person/employment_history./business/employment_tenure/title', 'REP']]"
109,803,6946.json,False,Women who have miscarriages could be investigated by police under legislation supported by Republican state Senate candidate Rick Gudex.,"[['Rick Gudex', 'people/person/employment_history./business/employment_tenure/title', 'Candidate'], ['Rick Gudex', 'organization/role/leaders./organization/leadership/person', 'USAs senat']]"
110,806,1372.json,False,President Obama doesnt ... want to admit were at war.,"[['Barack Obama', 'people/person/employment_history./business/employment_tenure/title', 'President'], ['Barack Obama', 'people/person/employment_history./business/employment_tenure/title', 'War']]"
111,812,4616.json,False,Says Texas Senate hopeful Donna Campbell doesnt live in the district shes hoping to win in 2012.,"[['Donna Campbell', 'organization/role/leaders./organization/leadership/person', 'Texas Senate']]"
112,815,7110.json,False,"Says Gov. Scott Walker has led people to believe that if Wisconsin doesnt implement a healthcare exchange, Obamacare doesnt happen here.","[['Scott Walker (sanger)', 'people/person/employment_history./business/employment_tenure/title', '.gov']]"
113,846,2650.json,True,Republican candidate for governor Nathan Deal fought to weaken Georgias rape shield law.,"[['Nathan Deal', 'people/person/employment_history./business/employment_tenure/title', 'Governor']]"
114,857,4374.json,False,Says President Barack Obama delivered 2 billion to Brazil to help with offshore drilling projects.,"[['Barack Obama', 'people/person/employment_history./business/employment_tenure/title', 'President']]"
115,862,4897.json,False,Says Wisconsin Gov. Scott Walker is making voting more difficult by closing Department of Motor Vehicles offices where lowincome voters live.,"[['Scott Walker (sanger)', 'people/person/employment_history./business/employment_tenure/title', '.gov']]"
116,870,11543.json,True,When President Obama was running for reelection Senator Sanders was trying to find someone to primary him.,"[['Barack Obama', 'people/person/employment_history./business/employment_tenure/title', 'President'], ['Bernie Sanders', 'people/person/employment_history./business/employment_tenure/title', 'Senator']]"
117,873,6003.json,True,"To help balance the 201113 budget, Gov. Scott Walker used a credit card approach that pushed over 500 million in debt onto our children and our grandchildren costing state taxpayers more than 150 million in interest.","[['Scott Walker (sanger)', 'people/person/employment_history./business/employment_tenure/title', '.gov']]"
118,877,4283.json,False,Says Democratic state Sen. Jim Holperin voted against a property tax freeze in 2009 and then voted for a 1.5 billion property tax hike.,"[['Jim Holperin', 'people/person/employment_history./business/employment_tenure/title', 'State senator']]"
119,885,6258.json,False,"Bill OBriens Tea Party legislature tried to repeal kindergarten and compulsory education, defund Planned Parenthood and eliminate insurance coverage for birth control.","[['Tea Party-bevegelsen', 'organization/role/leaders./organization/leadership/person', ""Bill O'Brien (American football)""]]"
120,895,13383.json,False,Says Hillary Clinton shows up in Broward County and had a private meeting with elections supervisor Brenda Snipes.,"[['Brenda Snipes', 'people/person/employment_history./business/employment_tenure/title', 'Supervisor']]"
121,897,2384.json,True,"Clayton County has employed 1,300 people over the past seven months through the Neighborhood Stabilization Program.","[['County', 'location/hud_county_place/county', 'Clayton']]"
122,899,5701.json,True,"Mayor Tom Barretts policies drove unemployment up 27 percent in Milwaukee, pushing it to one of Americas 10 worst cities for unemployment.","[['Tom Barrett (Wisconsin politician)', 'people/person/employment_history./business/employment_tenure/title', 'Mayor']]"
123,903,4404.json,False,"The Massachusetts health care plan dealt with 8 percent of our population, far less than the 100 percent of American people affected by President Barack Obamas health care law.","[['Barack Obama', 'people/person/employment_history./business/employment_tenure/title', 'President']]"
124,906,1761.json,True,Incoming House Speaker Dean Cannon and incoming Senate President Mike Haridopolos have said they plan to champion efforts next legislative session to allow oil rigs off Floridas coast.,"[['Dean Cannon', 'organization/role/leaders./organization/leadership/person', '117th United States Congress'], ['Mike Haridopolos', 'people/person/employment_history./business/employment_tenure/title', 'President'], ['Mike Haridopolos', 'organization/role/leaders./organization/leadership/person', 'USAs senat']]"
125,919,2004.json,True,"Says state Rep. Jim Keffer, a GOP lieutenant to House Speaker Joe Straus, did mail pieces for Democrat Mark Strama to help him defeat a Republican.","[['Jim Keffer', 'people/person/employment_history./business/employment_tenure/title', 'United States House of Representatives'], ['Jim Keffer', 'people/person/employment_history./business/employment_tenure/title', 'Joe Straus'], ['Joe Straus', 'people/person/employment_history./business/employment_tenure/title', 'Speaker i Representantenes hus i USA']]"
126,921,1039.json,True,"The Department of Justice, under the Obama administration, disagrees with the decision Judge Sotomayor made in the Ricci vs. DeStefano case.","[['Javier Sotomayor', 'people/person/employment_history./business/employment_tenure/title', 'Judge']]"
127,929,1843.json,True,"After the oil spill, Congressman Adam Putnam doubled down saying all energy sources, including oil drilling in the Gulf, should be considered just days after the oil spill started.","[['Adam Putnam', 'people/person/employment_history./business/employment_tenure/title', 'Member of Congress']]"
128,936,4322.json,False,Says Gov. Rick Scott is spending a quarter of a million of our tax dollars to robocall people.,"[['Rick Scott', 'people/person/employment_history./business/employment_tenure/title', '.gov']]"
129,952,5926.json,False,Says Gov. Scott Walker said no to equal pay for equal work for women.,"[['Scott Walker (sanger)', 'people/person/employment_history./business/employment_tenure/title', '.gov']]"
130,965,7622.json,False,Congresswoman Frederica Wilson successfully postpones closure of the North Perry airport tower.,"[['Frederica Wilson', 'people/person/employment_history./business/employment_tenure/title', 'Member of Congress']]"
131,977,11293.json,True,"The top man at Yale Law School came out ... with just a raging report about former HP CEO Carly Fiorina,saying she isone of the worst executives in his memory in history running the company.","[['Carly Fiorina', 'people/person/employment_history./business/employment_tenure/title', 'Chief executive officer']]"
132,984,1634.json,True,"Since that famous day in February where the governor campaigned with Barack Obama on behalf of the stimulus program, 211,000 Floridians have lost their jobs.","[['Governor', 'people/person/employment_history./business/employment_tenure/title', 'Barack Obama']]"
133,1004,4690.json,False,"Former Alaska Governor Sarah Palin was right that President Barack Obamas health care bill created what would, in effect, be death panels.","[['Sarah Palin', 'people/person/employment_history./business/employment_tenure/title', 'Governor'], ['Barack Obama', 'people/person/employment_history./business/employment_tenure/title', 'President']]"
134,1018,9511.json,True,U.S. Senate candidate Michelle Nunn has avoided taking a stand on Obamacare.,"[['Michelle Nunn', 'organization/role/leaders./organization/leadership/person', 'USAs senat'], ['Michelle Nunn', 'people/person/employment_history./business/employment_tenure/title', 'Candidate']]"
135,1029,13140.json,True,Says MarcoRubio voted to slash school funding by billions of dollars and would eliminate the Department of Education.,"[['Marco Rubio', 'organization/role/leaders./organization/leadership/person', '200'], ['Marco Rubio', 'organization/role/leaders./organization/leadership/person', '200']]"
136,1037,11988.json,False,Says Milwaukee County Executive Chris Abele is a billionaire.,"[['Chris Abele', 'people/person/employment_history./business/employment_tenure/title', 'Executive (government)'], ['Chris Abele', 'organization/role/leaders./organization/leadership/person', 'Milwaukee County']]"
137,1045,6322.json,False,"Says U.S. Rep. Sean Duffy is among seven Tea Party freshmen who spent an average of 15,000 on cars for themselves.","[['Sean Duffy', 'people/person/employment_history./business/employment_tenure/title', 'REP']]"
138,1064,6790.json,False,Tea Party Congressman Frank Guinta voted for billions in cuts to veterans programs.,"[['Frank Guinta', 'people/person/employment_history./business/employment_tenure/title', 'Member of Congress']]"
139,1083,1819.json,False,"In three days last week, Gov. Rick Perry flew to five cities at taxpayers expense, holding press conferences, delivering 2,325,000 in checks.","[['Rick Perry', 'people/person/employment_history./business/employment_tenure/title', '.gov']]"
140,1091,5319.json,False,Says President Barack Obama has an Environmental Protection Agency proposal that would raise the price of gasoline by 25 cents a gallon.,"[['Barack Obama', 'people/person/employment_history./business/employment_tenure/title', 'President']]"
141,1097,1863.json,True,"If voters agree in November to approve a onecent sales tax increase, that will give Hillsborough County the highest sales tax of all Florida counties.","[['County', 'location/hud_county_place/county', 'Hillsborough-tragedien']]"
142,1099,12893.json,False,Says President Bill Clinton did not sign NAFTA.,"[['Bill Clinton', 'people/person/employment_history./business/employment_tenure/title', 'President']]"
143,1100,5523.json,True,Says Gov. Scott Walker cut aid to local schools despite campaigning on trying to restore twothirds state funding for education,"[['Scott Walker (sanger)', 'people/person/employment_history./business/employment_tenure/title', '.gov']]"
144,1126,4516.json,False,Says President Barack Obama failed to stand up for the bipartisan debt solutions of the SimpsonBowles Commission.,"[['Barack Obama', 'people/person/employment_history./business/employment_tenure/title', 'President']]"
145,1127,1914.json,False,"Phoenix, Arizona, Im told, is now the No. 2 kidnapping capital in the world, right behind Mexico City.","[['City', 'location/country/languages_spoken', 'Mexico']]"
146,1128,2761.json,False,Congresswoman Kathy Castor voted to spend 2.6 million to teach prostitutes in China to drink responsibly.,"[['Kathy Castor', 'people/person/employment_history./business/employment_tenure/title', 'Member of Congress']]"
147,1130,242.json,True,"As governor, Mike Huckabee supported higher income taxes, sales taxes, gas taxes, grocery taxes, tobacco taxes, beer taxes, Internet taxes, nursing home bed taxes.","[['Mike Huckabee', 'people/person/employment_history./business/employment_tenure/title', 'Governor']]"
148,1147,10033.json,False,Says U.S. Rep. Steve Southerland voted himself health care for life.,"[['Steve Southerland (Florida politician)', 'people/person/employment_history./business/employment_tenure/title', 'REP']]"
149,1158,8772.json,False,"Oregon Rep. Tina Kotek, DPortland, has never held a job nor run a business","[['Tina Kotek', 'people/person/employment_history./business/employment_tenure/title', 'REP']]"
150,1160,461.json,True,The Rev. Wright compared the United States Marine Corps with Roman legionnaires who were responsible for the death of our Savior.,"[['Wright', 'organization/role/leaders./organization/leadership/person', 'United States Marine Corps'], ['Wright', 'people/person/employment_history./business/employment_tenure/title', 'Rødrev']]"
151,1161,12280.json,True,Says Nevada state Sen. Michael Roberson forced Common Core for Nevada schools.,"[['Michael Roberson', 'people/person/employment_history./business/employment_tenure/title', 'State senator']]"
152,1167,10339.json,True,"Says that in 2008, President Barack Obama said normalization with Cuba would first require liberation of all political prisoners and some basic steps toward freedom, including freedom of the press, political parties, labor unions.","[['Barack Obama', 'people/person/employment_history./business/employment_tenure/title', 'President']]"
153,1195,9871.json,False,"ISIS is right now crucifying Christians in Iraq, literally nailing Christians to trees.","[['Den islamske staten Irak og Levanten', 'organization/organization/headquarters./location/mailing_address/country', 'Iraq'], ['Den islamske staten Irak og Levanten', 'organization/organization/headquarters./location/mailing_address/country', 'Iraq'], ['Den islamske staten Irak og Levanten', 'organization/organization/headquarters./location/mailing_address/country', 'Iraq']]"
154,1211,2140.json,True,There are more pain clinics in Broward County than there are McDonalds in Broward County.,"[[""McDonald's"", 'organization/organization/headquarters./location/mailing_address/country', 'Broward County']]"
155,1214,9608.json,False,Former President George W. Bush and former Vice President Dick Cheney are unable to visit Europe due to outstanding warrants.,"[['George W. Bush', 'people/person/employment_history./business/employment_tenure/title', 'President'], ['Dick Cheney', 'people/person/employment_history./business/employment_tenure/title', 'Vice President of the United States']]"
156,1226,5016.json,False,"Says Rep. Betty Sutton supports allowing welfare fund withdrawals from strip clubs, casinos and liquor stores.","[['Betty Sutton', 'people/person/employment_history./business/employment_tenure/title', 'REP']]"
157,1233,14.json,True,Senator McCain voted against the Bush tax cuts. Now hes for them.,"[['John McCain', 'people/person/employment_history./business/employment_tenure/title', 'Senator']]"
158,1237,12965.json,True,"In Congress, Cresent Hardy voted to defund DACA.","[['200', 'organization/role/leaders./organization/leadership/person', 'United States Congress'], ['200', 'organization/role/leaders./organization/leadership/person', 'United States Congress']]"
159,1241,1678.json,True,"President Obama himself attempted to filibuster Justice Alito, who now sits on the Supreme Court.","[['Barack Obama', 'people/person/employment_history./business/employment_tenure/title', 'President']]"
160,1249,3001.json,False,The Greenest County in America.,"[['200', 'location/country/languages_spoken', 'United States']]"
161,1277,1564.json,False,George W. Bush was the least popular president in modern history.,"[['George W. Bush', 'people/person/employment_history./business/employment_tenure/title', 'President']]"
162,1299,10440.json,True,"Since Gov. Nathan Deal office in 2011, the states rainy day fund has grown by 643 percent.","[['Nathan Deal', 'people/person/employment_history./business/employment_tenure/title', '.gov']]"
163,1300,6647.json,False,Says President Barack Obama built this 16 trillion debt.,"[['Barack Obama', 'people/person/employment_history./business/employment_tenure/title', 'President']]"
164,1305,12550.json,True,"Says Michael Bennet votes for President Obamas agenda 98 percent of the time. Hardly independent, hardly bipartisan.","[['Barack Obama', 'people/person/employment_history./business/employment_tenure/title', 'President']]"
165,1307,661.json,False,John McCain wants to privatize Social Security.,"[['John McCain', 'organization/role/leaders./organization/leadership/person', 'Social Security (United States)']]"
166,1326,5270.json,True,Congressman Phil Roe hands out 1.3M government check from a federal program that he voted against.,"[['Phil Roe (politician)', 'people/person/employment_history./business/employment_tenure/title', 'Member of Congress']]"
167,1338,4378.json,False,"U.S. Reps. Hank Johnson, John Lewis and other members of the Congressional Progressive Caucus are socialists who are openly serving in the U.S. Congress.","[['United States Congress', 'organization/organization/headquarters./location/mailing_address/country', 'Us (2019 film)']]"
168,1353,5139.json,True,"Mayor Barrett saved Milwaukee 25 million, thanks to Gov. Walkers reforms.","[['Barrett M82', 'people/person/employment_history./business/employment_tenure/title', 'Mayor']]"
169,1374,8740.json,True,State Rep. Kathleen Peters has a 100 percent proabortion voting record even voting against a ban on sexselection abortions.,"[['Kathleen Peters', 'people/person/employment_history./business/employment_tenure/title', 'United States House of Representatives']]"
170,1378,5973.json,False,"Obamas flush with cash, returning to Wall Street for even more money. Wall Street sure supports President Obama.","[['Barack Obama', 'people/person/employment_history./business/employment_tenure/title', 'President']]"
171,1390,3348.json,True,DeKalb County has cut more money from its general fund budget than any local government in the Atlanta metro region.,"[['County', 'location/hud_county_place/county', 'DeKalb (Illinois)']]"
172,1391,5784.json,False,"Says Gov. Scott Walker signed abortion, sex education and discrimination bills in secret.","[['Scott Walker (sanger)', 'people/person/employment_history./business/employment_tenure/title', '.gov']]"
173,1394,2870.json,False,"Eighty percent of the oil were discovering, were discovering in the deep Gulf of Mexico.","[['List of gulfs', 'location/country/languages_spoken', 'Mexico']]"
174,1411,2178.json,True,"In 2009, the Small Business Entrepreneurship Council ranked Ohio 11th in the nation and 1st in the Midwest for overall business climate.","[['200', 'organization/organization/headquarters./location/mailing_address/country', 'Midwestern United States']]"
175,1421,4114.json,True,"Our countrys got this huge debt, and President Barack Obama says raise taxes and keep spending more.","[['Barack Obama', 'people/person/employment_history./business/employment_tenure/title', 'President']]"
176,1430,8079.json,True,President Barack Obama has announced that he would not sign ANY spending bills this year unless sequestration spending cuts are eliminated.,"[['Barack Obama', 'people/person/employment_history./business/employment_tenure/title', 'President']]"
177,1439,3423.json,True,Oil production from federal waters in the Gulf of Mexico reached an alltime high in 2010.,"[['List of gulfs', 'location/country/languages_spoken', 'Mexico']]"
178,1443,554.json,True,The legislation ... that Senator McCain supports would provide the authority for the federal government to surveille American citizens in their own country without any suspicion whatsoever that theyre engaging in discussions with terrorists or about criminal activity.,"[['John McCain', 'people/person/employment_history./business/employment_tenure/title', 'Senator']]"
179,1448,8569.json,False,"In Jeanne Shaheen, New Hampshire has a Senator who was the deciding vote to pass Obamacare.","[['New Hampshire', 'people/person/employment_history./business/employment_tenure/title', 'Jeanne Shaheen']]"
180,1451,4529.json,False,Says Gov. Chris Christie has now come up with a new agenda for ethics reform in September 2011.,"[['Chris Christie', 'people/person/employment_history./business/employment_tenure/title', '.gov']]"
181,1453,4786.json,False,"Gov. Scott Walker received a 7,300 pay raise.","[['Scott Walker (sanger)', 'people/person/employment_history./business/employment_tenure/title', '.gov']]"
182,1455,12068.json,True,"Says when Bernie Sanders was in college, Sanders said something very similar to what conservative Wisconsin Supreme Court Justice Rebecca Bradley had written as a college student in the 1990s  that women have a legitimate role in date rape.","[['Rebecca Bradley (judge)', 'organization/role/leaders./organization/leadership/person', 'Wisconsin Supreme Court']]"
183,1456,9848.json,False,Says Michigan U.S. Senate candidateTerri Lynn Land said guaranteeing equal pay for women who do the same job as men is not a good idea.,"[['Terri Lynn Land', 'organization/role/leaders./organization/leadership/person', 'List of United States senators from Michigan'], ['Terri Lynn Land', 'organization/role/leaders./organization/leadership/person', 'List of United States senators from Michigan']]"
184,1463,9950.json,False,Says President Barack Obama is sending a much larger force to deal with Ebola than ISIS is getting.,"[['Barack Obama', 'people/person/employment_history./business/employment_tenure/title', 'President']]"
185,1464,6369.json,True,Says U.S. Senate opponent Eric Hovde supported billions in stimulus for highspeed rail and billions more to bail out banks.,"[['200', 'organization/role/leaders./organization/leadership/person', 'USAs senat']]"
186,1466,912.json,False,U.S. Senate Majority Leader Harry Reid on whether Senate Democrats would seat Roland Burris.,"[['Harry Reid', 'organization/role/leaders./organization/leadership/person', 'USAs senat'], ['Harry Reid', 'people/person/employment_history./business/employment_tenure/title', 'Leadership']]"
187,1477,13489.json,False,"Says climate scientist James Hansen says we have until perhaps 50 years from now, or maybe a little longer and at that point, we are looking at 10, 20, 30 feet of sealevel rise.","[['James Hansen', 'people/person/employment_history./business/employment_tenure/title', 'Scientist']]"
188,1481,6145.json,False,Says GOP U.S. Rep. Sean Duffy of Wisconsin voted twice to end Medicare.,"[['Sean Duffy', 'people/person/employment_history./business/employment_tenure/title', 'REP'], ['Sean Duffy', 'organization/role/leaders./organization/leadership/person', 'Det republikanske parti (USA)']]"
189,1504,3208.json,True,Joe Straus is the first Jewish speaker of the Texas House.,"[['Joe Straus', 'organization/role/leaders./organization/leadership/person', 'Texas House of Representatives'], ['Joe Straus', 'organization/role/leaders./organization/leadership/person', 'Texas House of Representatives'], ['Joe Straus', 'organization/role/leaders./organization/leadership/person', 'Texas House of Representatives'], ['Joe Straus', 'organization/role/leaders./organization/leadership/person', 'Texas House of Representatives']]"
190,1531,4167.json,True,Says state Rep. Fred Clark DBaraboo ran a red light and seriously injured a bicyclist.,"[['Fred Clark (politician)', 'people/person/employment_history./business/employment_tenure/title', 'United States House of Representatives']]"
191,1535,9506.json,True,Says Scott Brown voted with President Barack Obama 70 percent of the time in 2011.,"[['Barack Obama', 'people/person/employment_history./business/employment_tenure/title', 'President'], ['Scott Brown (fotballspiller)', 'people/person/employment_history./business/employment_tenure/title', 'Barack Obama']]"
192,1542,3877.json,True,Says six of the states 58 family planning centers had to close because of Gov. Chris Christies budget cuts.,"[['Chris Christie', 'people/person/employment_history./business/employment_tenure/title', '.gov']]"
193,1551,9314.json,False,Says Rep. Justin Amash votes more with the Democrats than with the Republicans.,"[['Justin Amash', 'people/person/employment_history./business/employment_tenure/title', 'REP']]"
194,1556,3983.json,True,"Says MiamiDade mayoral candidate Julio Robaina has the highest salary among Florida mayors. More than 260,000.","[['Julio Robaina', 'people/person/employment_history./business/employment_tenure/title', 'Candidate']]"
195,1567,4630.json,False,Says Barack Obama never worked in the private sector before he was elected president.,"[['Barack Obama', 'people/person/employment_history./business/employment_tenure/title', 'President']]"
196,1572,1575.json,True,House Appropriations Chair David Obeys partial earmark ban wouldnt apply to 90 of earmarks.,"[['Dave Obey', 'organization/role/leaders./organization/leadership/person', 'House M.D.']]"
197,1578,2017.json,True,"As a senator, Barack Obama supported an amendment that basically gutted the legal temporary worker program.","[['Barack Obama', 'people/person/employment_history./business/employment_tenure/title', 'Senator']]"
198,1580,12260.json,False,"While Mayor Kenney personally doesnt support DROP, he cant fault highly qualified city employees for appropriately utilizing a benefit thats available to them.","[['200', 'people/person/employment_history./business/employment_tenure/title', 'Mayor']]"
199,1585,12883.json,False,Says Gov. Rick Scott cut nearly 1 million from mosquito control and closed down the states mosquito research lab a few years ago.,"[['Rick Scott', 'people/person/employment_history./business/employment_tenure/title', '.gov']]"
200,1586,4487.json,False,Says Wisconsin Gov. Scott Walker is denying Democrats the right to vote.,"[['Scott Walker (sanger)', 'people/person/employment_history./business/employment_tenure/title', '.gov']]"
201,1588,1956.json,False,"When George Bush took office, President Clinton, a Democrat, and the Democratic Congress at the time had left an annual budget that was in surplus.","[['Bill Clinton', 'people/person/employment_history./business/employment_tenure/title', 'President']]"
202,1606,5161.json,True,"In campaigns in the past with Sen. McCain and President George W. Bush and others, they have tended to release tax records in April.","[['George W. Bush', 'people/person/employment_history./business/employment_tenure/title', 'President']]"
203,1612,6314.json,False,Gov. Bill Haslam is making our Economic Development department Sharia compliant by hiring a woman who specializes in Sharia compliance. Thats what her job is.,"[['Bill Haslam', 'people/person/employment_history./business/employment_tenure/title', '.gov']]"
204,1618,11099.json,False,President Barack Obama said at the beginning of the negotiations that the basic approach was to dismantle Irans nuclear program in exchange for dismantling the sanctions.,"[['Barack Obama', 'people/person/employment_history./business/employment_tenure/title', 'President']]"
205,1623,1715.json,True,"By the end of Governor Rick Perrys term, he will have drained Texas taxpayers ... of more than 360,000 to pay for the rental mansion he has been living in while the historic Governors Mansion is repaired.","[['Rick Perry', 'people/person/employment_history./business/employment_tenure/title', 'Governor']]"
206,1625,4988.json,True,Says President Obama helped more than half a million veterans and military family members go to college through the Post911 G.I. Bill.,"[['Barack Obama', 'people/person/employment_history./business/employment_tenure/title', 'President']]"
207,1626,4082.json,True,"In our proposal, we would have expanded school aid across the board Governor Christie slashed school aid in this budget, preferring instead to extend a tax break for millionaires over funding in the classroom.","[['Wilhelm Frimann Koren Christie', 'people/person/employment_history./business/employment_tenure/title', 'Governor']]"
208,1638,1929.json,False,Bill McCollum served as a lobbyist whose clients enabled mortgages for illegal immigrants.,"[['Bill McCollum', 'people/person/employment_history./business/employment_tenure/title', 'Lobbyist']]"
209,1641,5961.json,False,Says Gov. Scott Walker is cooking the books by releasing numbers he just dreamed up that show Wisconsin gained jobs in 2011.,"[['Scott Walker (sanger)', 'people/person/employment_history./business/employment_tenure/title', '.gov']]"
210,1648,7104.json,False,"In one county alone in Ohio, President Obama received 106,258 votes. But there were only 98,213 eligible voters.","[['Barack Obama', 'people/person/employment_history./business/employment_tenure/title', 'President']]"
211,1651,9344.json,False,Says Mark Begich has taken campaign cash from the Kochs while Dan Sullivan hasnt.,"[['Mark Begich', 'organization/role/leaders./organization/leadership/person', 'Kochs postulat']]"
212,1657,6563.json,False,"Household income in America has gone down for families an average of 4,000 in the last four years while it went up 5,000 under Mitt Romney when he was governor of Massachusetts","[['Mitt Romney', 'people/person/employment_history./business/employment_tenure/title', 'Governor'], ['Mitt Romney', 'people/person/employment_history./business/employment_tenure/title', 'Massachusetts']]"
213,1694,9634.json,False,"Compared to President Obama,President Reagan rushed home from Santa Barbara vacation, from the Reagan ranch when the Korean jetliner was shot out of the air by the Russians.","[['Ronald Reagan', 'people/person/employment_history./business/employment_tenure/title', 'President'], ['Ronald Reagan', 'people/person/employment_history./business/employment_tenure/title', 'Barack Obama'], ['Ronald Reagan', 'people/person/employment_history./business/employment_tenure/title', 'Barack Obama'], ['Barack Obama', 'people/person/employment_history./business/employment_tenure/title', 'President']]"
214,1704,1538.json,False,"In 2001, former Federal Reserve chairman Alan Greenspan justified increasing spending and cutting taxes, saying that we didnt really need to pay down the debt.","[['Alan Greenspan', 'people/person/employment_history./business/employment_tenure/title', 'Chairperson'], ['Alan Greenspan', 'organization/role/leaders./organization/leadership/person', 'Federal Reserve']]"
215,1705,9623.json,True,DeKalb County has been recognized in recent years as having one the best sheriffs departments in the nation.,"[['County', 'location/hud_county_place/county', 'DeKalb (Illinois)']]"
216,1710,4523.json,True,Members of the public are being charged 50 to hear Gov. Scott Walker and a dozen members of his administration talk about jobs and the economy at Lambeau Field.,"[['Scott Walker (sanger)', 'people/person/employment_history./business/employment_tenure/title', '.gov']]"
217,1722,903.json,False,The Rev. Rick Warren has called Christians who advance a social gospel Marxists.,"[['Rick Warren', 'people/person/employment_history./business/employment_tenure/title', 'Rødrev']]"
218,1732,10588.json,True,President Obama said 22 times he could not authorize immigration reform by executive order.,"[['Barack Obama', 'people/person/employment_history./business/employment_tenure/title', 'President']]"
219,1733,1902.json,True,Right now every single one of the oil companies here today and dozens of others are drilling for free in the Gulf of Mexico on leases that will cost American taxpayers more than 50 billion in lost royalties.,"[['List of gulfs', 'location/country/languages_spoken', 'Mexico']]"
220,1752,7485.json,True,"Under Gov. John Kasichs budget proposal, the top one percent in Ohio will pay 10,000 less in income tax each year, but Ohios working and middle class families will pay more.","[['John Kasich', 'people/person/employment_history./business/employment_tenure/title', '.gov']]"
221,1753,1740.json,True,The Treaty of Tripoli signed by President John Adams was his outreach to Muslims.,"[['John Adams', 'people/person/employment_history./business/employment_tenure/title', 'President']]"
222,1760,6716.json,False,Medicare premium support backed by Republican vice presidential candidate Paul Ryan is not vouchers.,"[['Paul Ryan', 'people/person/employment_history./business/employment_tenure/title', 'Candidate']]"
223,1763,1925.json,True,The addition of a 1 percent sales tax would cost a typical household in Hillsborough County approximately 12 a month.,"[['County', 'location/hud_county_place/county', 'Hillsborough-tragedien']]"
224,1771,3765.json,False,Says there are more federal dollars in Gov. John Kasichs budget plan than in the previous state budget.,"[['John Kasich', 'people/person/employment_history./business/employment_tenure/title', '.gov']]"
225,1775,2762.json,False,Congressman Nye voted against a bill which would have defunded the 510 billion the IRS needed toimplement health care legislation.,"[['200', 'people/person/employment_history./business/employment_tenure/title', 'Member of Congress']]"
226,1776,4213.json,False,"In contrast to President Barack Obama, who is not acting presidential, President Ronald Reagan would never go into the Oval Office without his jacket on thats how much he revered the presidency.","[['Barack Obama', 'people/person/employment_history./business/employment_tenure/title', 'President'], ['Ronald Reagan', 'people/person/employment_history./business/employment_tenure/title', 'Det ovale kontor'], ['Ronald Reagan', 'people/person/employment_history./business/employment_tenure/title', 'President']]"
227,1784,8770.json,True,"Trey Radel does not even qualify to drive a Lee County school bus at this point, yet he occupies a seat in Congress.","[['Trey Radel', 'organization/role/leaders./organization/leadership/person', 'United States Congress']]"
228,1792,9541.json,False,"As Alaskas attorney general, U.S. Senate candidate Dan Sullivan successfully fought to protect our Second Amendment rights and passed stand your ground.","[['Dan Sullivan', 'organization/role/leaders./organization/leadership/person', 'USAs senat'], ['USAs senat', 'organization/organization/headquarters./location/mailing_address/country', 'Us (2019 film)'], ['Dan Sullivan', 'people/person/employment_history./business/employment_tenure/title', 'Candidate']]"
229,1804,1000.json,False,"In the 1970s, the swine flu broke out . . . under another Democrat, President Jimmy Carter.","[['Jimmy Carter', 'people/person/employment_history./business/employment_tenure/title', 'President']]"
230,1806,684.json,True,Gov. Palin ... is somebody who actually doesnt believe that climate change is manmade.,"[['Michael Palin', 'people/person/employment_history./business/employment_tenure/title', '.gov']]"
231,1808,5988.json,True,"While Act 10 allowed Milwaukee County to save some money, it was millions short of what we needed to fill the hole left by the 28 million cut in state aid.","[['County', 'location/hud_county_place/county', 'Milwaukee']]"
232,1813,1161.json,True,"Since World War II, only Gerald Ford and Bill Clinton have had worse ratings after seven months than President Obama.","[['Barack Obama', 'people/person/employment_history./business/employment_tenure/title', 'President'], ['Bill Clinton', 'people/person/employment_history./business/employment_tenure/title', 'Barack Obama'], ['Gerald Ford', 'people/person/employment_history./business/employment_tenure/title', 'Barack Obama']]"
233,1829,6439.json,True,Says U.S. Senate rival Eric Hovde refused to pay his property taxes until he was taken to court.,"[['200', 'organization/role/leaders./organization/leadership/person', 'USAs senat']]"
234,1838,811.json,False,Senator McCain would pay for part of his health care plan by making drastic cuts in Medicare 882billion worth.,"[['John McCain', 'people/person/employment_history./business/employment_tenure/title', 'Senator']]"
235,1841,10405.json,False,President Barack Obamas policies have resulted in gas prices being reduced from 3.07 per gallon when he was sworn in in 2009 to 2.30 today.,"[['Barack Obama', 'people/person/employment_history./business/employment_tenure/title', 'President']]"
236,1848,9414.json,False,Congresswoman RosLehtinen has long record of voting against VA backlog fixes.,"[['Ileana Ros-Lehtinen', 'people/person/employment_history./business/employment_tenure/title', 'Member of Congress']]"
237,1850,6118.json,False,"Says that under President Obama, theres been a substantial increase in federal government jobs.","[['Barack Obama', 'people/person/employment_history./business/employment_tenure/title', 'President']]"
238,1865,7551.json,True,"Under Gov. Kasich, Ohio wages have increased by 10.3 billion.","[['John Kasich', 'people/person/employment_history./business/employment_tenure/title', '.gov']]"
239,1872,12795.json,False,"Just on the issue of immigration alone, it is next to impossible to find a policy difference between Donald Trump and Congressman Joe Heck.","[['Joe Heck', 'people/person/employment_history./business/employment_tenure/title', 'Member of Congress']]"
240,1888,6144.json,True,Atlanta Tea Party cofounder Debbie Dooley wants gas taxes raised.,"[['200', 'organization/role/leaders./organization/leadership/person', '200']]"
241,1896,690.json,True,Governor Palin is the most popular governor in the country.,"[['Michael Palin', 'people/person/employment_history./business/employment_tenure/title', 'Governor'], ['Michael Palin', 'people/person/employment_history./business/employment_tenure/title', 'Governor']]"
242,1901,4330.json,True,Says Gov. Rick Scott cut state funding for PBS.,"[['Rick Scott', 'organization/role/leaders./organization/leadership/person', 'PBS'], ['Rick Scott', 'people/person/employment_history./business/employment_tenure/title', '.gov']]"
243,1902,9712.json,True,Attorney General Eric Holders own Justice Department precleared the voting changes in the 2011 law about early voting in Florida.,"[['Eric Holder', 'people/person/employment_history./business/employment_tenure/title', 'United States Attorney General']]"
244,1908,10178.json,False,Attorney general candidate Brad Schimel is in cahoots with Wisconsin Right to Life to make abortion a crime in Wisconsin.,"[['Brad Schimel', 'people/person/employment_history./business/employment_tenure/title', '2018 New York Attorney General election']]"
245,1910,7992.json,True,Economic Development Commission Executive Director Keith Stokes sent me a letter and he said the taxpayers will never be on the hook for these bonds for 38 Studios.,"[['Keith Stokes', 'people/person/employment_history./business/employment_tenure/title', 'Executive director'], ['Keith Stokes', 'organization/role/leaders./organization/leadership/person', '200']]"
246,1935,10990.json,False,Says Barack Obama told the U.S. Coast Guard Academy that the number one threat to the military and the world today is global warming.,"[['Barack Obama', 'organization/role/leaders./organization/leadership/person', 'U.S. Coast Guard Academy']]"
247,1936,10519.json,False,Says awardwinning Milwaukee Public Schools teacher Megan Sampson was laid off because Gov. Scott Walker cut state aid to education.,"[['200', 'people/person/employment_history./business/employment_tenure/title', 'Teacher'], ['200', 'organization/role/leaders./organization/leadership/person', 'Milwaukee Public Schools'], ['Scott Walker (sanger)', 'people/person/employment_history./business/employment_tenure/title', '.gov']]"
248,1944,9499.json,False,"Says President Barack Obama said when we got bin Laden, terrorism problem solved.","[['Barack Obama', 'people/person/employment_history./business/employment_tenure/title', 'President']]"
249,1950,6856.json,False,If Gov. Romneys plan goes into effect the average senior would have to pay 460 a year more in tax for their Social Security.,"[['Mitt Romney', 'people/person/employment_history./business/employment_tenure/title', '.gov']]"
250,1961,7625.json,True,Pasco County has the second highest population of homeless in all of Florida.,"[['County', 'location/hud_county_place/county', 'Pasco']]"
251,1966,6666.json,True,"Says President Barack Obama gives students the right to repay federal loans as a clear, fixed, low percentage of their income for up to 20 years.","[['Barack Obama', 'people/person/employment_history./business/employment_tenure/title', 'President']]"
252,1978,1920.json,False,Georgia Secretary of State Brian Kemp is a career politician.,"[['Brian Kemp', 'people/person/employment_history./business/employment_tenure/title', 'United States Secretary of State']]"
253,1982,6960.json,True,President Barack Obama is the first president in history to cut Medicare by 700 billion.,"[['Barack Obama', 'people/person/employment_history./business/employment_tenure/title', 'President']]"
254,1989,11086.json,True,The actual deportations from the interior of the country are way down under President Obama.,"[['Barack Obama', 'people/person/employment_history./business/employment_tenure/title', 'President']]"
255,1992,3763.json,True,"On taxes, President Barack Obama wants to raise the top rate to 44.8 percent.","[['Barack Obama', 'people/person/employment_history./business/employment_tenure/title', 'President']]"
256,2015,5879.json,False,Says that Rep. Betty Sutton would rather riot with Occupy Wall Street than stand up for Ohio families.,"[['Betty Sutton', 'people/person/employment_history./business/employment_tenure/title', 'REP']]"
257,2019,2153.json,True,"Says President Barack Obama initially said the national healthcare mandate isnt a tax, but his administration now says it is a tax.","[['Barack Obama', 'people/person/employment_history./business/employment_tenure/title', 'President']]"
258,2020,9113.json,True,There are still more people uninsured today than when Obama was elected president.,"[['Barack Obama', 'people/person/employment_history./business/employment_tenure/title', 'President']]"
259,2024,5351.json,False,You cant pass a budget in the Senate of the United States without 60 votes.,"[['USAs senat', 'organization/organization/headquarters./location/mailing_address/country', 'United States']]"
260,2030,350.json,False,Barack Obama said hes going to attack Pakistan and embrace Iranian President Mahmoud Ahmadinejad.,"[['Pakistan', 'people/person/nationality', 'Mahmoud Ahmadinejad'], ['Pakistan', 'people/person/employment_history./business/employment_tenure/title', 'Mahmoud Ahmadinejad'], ['Mahmoud Ahmadinejad', 'people/person/employment_history./business/employment_tenure/title', 'President']]"
261,2038,5204.json,True,President Obama has said he is going to cut veterans benefits.,"[['Barack Obama', 'people/person/employment_history./business/employment_tenure/title', 'President']]"
262,2047,12797.json,False,"In 2009, his first year as mayor, Julin Castro received a sevenfigure referral fee that smells like a dirty financial gift from notorious personal injury lawyer Mikal Watts, a major Obama donor.","[['Mikal Watts', 'people/person/employment_history./business/employment_tenure/title', 'Lawyer']]"
263,2072,11193.json,True,"Emails released to the public show Hillary Clinton discussed the location of Ambassador Stevens, who of course was murdered, in Libya.","[['Hillary Clinton', 'people/person/employment_history./business/employment_tenure/title', 'Stevens'], ['Stevens', 'people/person/employment_history./business/employment_tenure/title', 'Ambassadør']]"
264,2078,9976.json,True,Says President Barack Obama has launched twice as many strikes oncountries that are predominantly Muslim than President George W. Bush.,"[['George W. Bush', 'people/person/employment_history./business/employment_tenure/title', 'President'], ['Barack Obama', 'people/person/employment_history./business/employment_tenure/title', 'President']]"
265,2083,11637.json,True,"The Milwaukee County executive can sell the public museum, the airport and the zoo  all on his own, without County Board approval","[['County', 'location/hud_county_place/county', 'Milwaukee']]"
266,2099,8397.json,False,A 10 million fire fee proposal in St. Petersburg was inspired by Gov. Rick Scott.,"[['Rick Scott', 'people/person/employment_history./business/employment_tenure/title', '.gov']]"
267,2105,1032.json,True,Judge Sotomayor has said that policy is made on the U.S. Court of Appeals.,"[['Javier Sotomayor', 'people/person/employment_history./business/employment_tenure/title', 'Judge']]"
268,2117,3014.json,True,I never proposed privatizing the Milwaukee County airport.,"[['County', 'location/hud_county_place/county', 'Milwaukee']]"
269,2125,5715.json,False,President Barack Obama has doubled the size of government since he took office.,"[['Barack Obama', 'people/person/employment_history./business/employment_tenure/title', 'President']]"
270,2150,3241.json,True,Senator Webb was a reliable vote for President Obama and Senator Harry Reid.,"[['Barack Obama', 'people/person/employment_history./business/employment_tenure/title', 'President'], ['James E. Webb', 'people/person/employment_history./business/employment_tenure/title', 'Barack Obama'], ['Harry Reid', 'people/person/employment_history./business/employment_tenure/title', 'Senator'], ['James E. Webb', 'people/person/employment_history./business/employment_tenure/title', 'Barack Obama'], ['James E. Webb', 'people/person/employment_history./business/employment_tenure/title', 'Senator']]"
271,2160,4765.json,True,"In Wisconsin, Gov. Scott Walker has created a manufacturingled jobs recovery. 30,000 new jobs were created this year, with 15,000 created in the struggling manufacturing sector.","[['Scott Walker (sanger)', 'people/person/employment_history./business/employment_tenure/title', 'Wisconsin'], ['Scott Walker (sanger)', 'people/person/employment_history./business/employment_tenure/title', '.gov']]"
272,2163,8453.json,False,"Congress, criminals, Scientologists and other groups are exempt from Obamacare.","[['United States Congress', 'organization/organization/headquarters./location/mailing_address/country', 'Patient Protection and Affordable Care Act']]"
273,2165,10203.json,True,Ill be the only economist in the U.S. House.,"[['House M.D.', 'organization/organization/headquarters./location/mailing_address/country', 'Us (2019 film)'], ['Ill', 'organization/organization/headquarters./location/mailing_address/country', 'House M.D.'], ['Ill', 'organization/organization/headquarters./location/mailing_address/country', 'House M.D.']]"
274,2170,11514.json,False,"Says Ohio Gov. John Kasich got lucky with a thing called fracking, which is why Ohio is doing well.","[['John Kasich', 'people/person/employment_history./business/employment_tenure/title', '.gov']]"
275,2184,11759.json,True,Says President Barack Obama appointed Eric Holder as attorney general. Eric Holder said he viewed his mission as brainwashing the American people against guns.,"[['Barack Obama', 'people/person/employment_history./business/employment_tenure/title', 'United States Attorney General'], ['Barack Obama', 'people/person/employment_history./business/employment_tenure/title', 'Eric Holder'], ['Barack Obama', 'people/person/employment_history./business/employment_tenure/title', 'President']]"
276,2201,9710.json,False,"So many people were critical of Secretary John Kerry going to Paris and talking with Hamas, because Kerry was seen as supporting Hamas to the exclusion of the Arab League.","[['John Kerry', 'organization/role/leaders./organization/leadership/person', 'Hamas'], ['John Kerry', 'people/person/employment_history./business/employment_tenure/title', 'Secretary']]"
277,2204,1973.json,False,A transcript released by Occidental College proves that Barack Obama was an Indonesian citizen.,"[['Barack Obama', 'people/person/nationality', 'Indonesia']]"
278,2218,3907.json,False,Says U.S. Rep. Paul Ryan promised to end health care for our seniors.,"[['Paul Ryan', 'people/person/employment_history./business/employment_tenure/title', 'REP']]"
279,2228,5615.json,True,Says he and President Barack Obama have the same position on gay marriage.,"[['Barack Obama', 'people/person/employment_history./business/employment_tenure/title', 'President']]"
280,2231,10288.json,True,Says President Barack Obama has lost more members of the House and more members of the Senate than any president ever has lost in modern times.,"[['Barack Obama', 'people/person/employment_history./business/employment_tenure/title', 'President']]"
281,2232,3143.json,True,President Barack Obama supports immigration amnesty.,"[['Barack Obama', 'people/person/employment_history./business/employment_tenure/title', 'President']]"
282,2235,2207.json,True,"The border security plan of Sens. McCain and Kyl called for 3,000 additional troops to keep us safe. President Obama says hell send 524.","[['Barack Obama', 'people/person/employment_history./business/employment_tenure/title', 'President']]"
283,2236,4406.json,True,"Sherrod Brown has stood side by side with President Barack Obama, presiding over the most rapid increase in the debt over the last 2.5 years and hurtling toward the worst jobs record in the modern era.","[['Barack Obama', 'people/person/employment_history./business/employment_tenure/title', 'President'], ['Sherrod Brown', 'people/person/employment_history./business/employment_tenure/title', 'Barack Obama'], ['Sherrod Brown', 'people/person/employment_history./business/employment_tenure/title', 'Barack Obama']]"
284,2253,949.json,False,"In just one month, the Democrats have spent more than President Bush spent in seven years on the war in Iraq, the war in Afghanistan and Hurricane Katrina combined.","[['George W. Bush', 'people/person/employment_history./business/employment_tenure/title', 'President']]"
285,2270,9272.json,False,Says Attorney General Eric Holder recently revealed this idea to have government have gun owners wear special bracelets that would identify you as a gun owner.,"[['Eric Holder', 'people/person/employment_history./business/employment_tenure/title', 'United States Attorney General']]"
286,2286,11835.json,False,This is the true picture of Milwaukees Renaissance after 12 years of Mayor Tom Barretts leadership.,"[['Tom Barrett (Wisconsin politician)', 'people/person/employment_history./business/employment_tenure/title', 'Mayor']]"
287,2287,3135.json,True,Says President Barack Obama revealed in his State of the Union address that he now is against earmarks.,"[['Barack Obama', 'people/person/employment_history./business/employment_tenure/title', 'President']]"
288,2290,2003.json,True,"Texas state Reps. Dan Branch and Jim Pitts, lieutenants to House Speaker Joe Straus, are helping Democrat Ellen Cohen against her Republican challenger, doing events with her in her district.","[['Joe Straus', 'people/person/employment_history./business/employment_tenure/title', 'Speaker i Representantenes hus i USA']]"
289,2300,9498.json,True,Says Milwaukee County Sheriff David Clarke has deputies collecting overtime while sitting passively in chairs watching courthouse security personnel work.,"[['David Clarke (sheriff)', 'organization/role/leaders./organization/leadership/person', 'Milwaukee County'], ['David Clarke (sheriff)', 'people/person/employment_history./business/employment_tenure/title', 'Sheriff']]"
290,2306,10766.json,False,The money the Clinton Foundation took from from foreign governments while Hillary Clinton was secretary of state is clearly illegal. The Constitution says you cant take this stuff.,"[['Hillary Clinton', 'people/person/employment_history./business/employment_tenure/title', 'Secretary'], ['Hillary Clinton', 'people/person/employment_history./business/employment_tenure/title', 'State (polity)']]"
291,2318,1728.json,False,Links jailed lobbyist Jack Abramoff to Rep. C.W. Bill Young.,"[['Jack Abramoff', 'people/person/employment_history./business/employment_tenure/title', 'Lobbyist'], ['Bill Young', 'people/person/employment_history./business/employment_tenure/title', 'REP']]"
292,2328,8659.json,False,School children can earn higher grades by studying Islam under a new nationwide Muslim outreach program announced by President Barack Obama.,"[['Barack Obama', 'people/person/employment_history./business/employment_tenure/title', 'President']]"
293,2331,8417.json,False,We went from 160 billion deficit spending in President George W. Bushs last year to 1.6 trillion the following year.,"[['George W. Bush', 'people/person/employment_history./business/employment_tenure/title', 'President']]"
294,2335,4758.json,False,A bill supported by Gov. Scott Walker makes it so that drunk drivers who kill have an easier time of it.,"[['Scott Walker (sanger)', 'people/person/employment_history./business/employment_tenure/title', '.gov']]"
295,2341,12930.json,False,Gonzales losing campaign against me last spring was funded with more than 1 million from supporters and allies of Governor Bruce Rauner.,"[['Bruce Rauner', 'people/person/employment_history./business/employment_tenure/title', 'Governor']]"
296,2348,8777.json,True,Obama unilaterally announced he was delaying employer mandate through a blog post by a midlevel bureaucrat at the Department of Treasury.,"[['Barack Obama', 'people/person/employment_history./business/employment_tenure/title', 'Bureaucrat']]"
297,2359,12018.json,False,"NAFTA, supported by the Secretary Clinton, cost us 800,000 jobs nationwide.","[['Bill Clinton', 'people/person/employment_history./business/employment_tenure/title', 'Secretary']]"
298,2372,5064.json,False,Says Rep. Jim Renacci was trying to leave town for the holidays without extending your payroll tax cut.,"[['Jim Renacci', 'people/person/employment_history./business/employment_tenure/title', 'REP']]"
299,2388,10653.json,True,"Says Gov. Scott Walkers proposed reduction in university spending is about the size of the one under Democratic Gov. Jim Doyle, but Democrats didnt treat Doyles cut as so dire.","[['Scott Walker (sanger)', 'people/person/employment_history./business/employment_tenure/title', '.gov'], ['Jim Doyle', 'people/person/employment_history./business/employment_tenure/title', '.gov']]"
300,2398,12047.json,False,"As a legislator, Marco Rubio flipped on a key vote after making a quick 200,000 from selling the house to the mother of the bills lobbyist.","[['Marco Rubio', 'people/person/employment_history./business/employment_tenure/title', 'Legislator']]"
301,2413,3340.json,True,Says Rep. Paul Ryans budget roadmap doesnt balance the budget until the 2060s and adds an unthinkable 62 trillion to the national debt between now and then.,"[['Paul Ryan', 'people/person/employment_history./business/employment_tenure/title', 'REP']]"
302,2418,6686.json,True,"With the auto rescue, President Barack Obama saved more than 1 million middleclass jobs all across America, including more than 28,000 in Wisconsin.","[['Barack Obama', 'people/person/employment_history./business/employment_tenure/title', 'President']]"
303,2429,5628.json,False,"Says that while President Barack Obama promised to work with your employer to lower your premiums by 2,500 per family per year, his health care law raises premiums in the individual market by 2,100 per family.","[['Barack Obama', 'people/person/employment_history./business/employment_tenure/title', 'President']]"
304,2451,5401.json,True,"As Virginias governor, Allen cut spending and waste with bipartisan support.","[['Woody Allen', 'organization/role/leaders./organization/leadership/person', 'Virginia']]"
305,2456,485.json,True,"The pastor McCain calls his spiritual guide, Rod Parsley, believes Americas founding mission is to destroy Islam, which he calls a false religion. ","[['Pastor', 'people/person/employment_history./business/employment_tenure/title', 'Rod Parsley'], ['Pastor', 'people/person/employment_history./business/employment_tenure/title', 'Rod Parsley']]"
306,2469,2364.json,True,Says state Rep. Diana Maldonado of Round Rock uses Craigslist to hire campaign block walkers.,"[['200', 'people/person/employment_history./business/employment_tenure/title', 'United States House of Representatives']]"
307,2470,11321.json,False,Says that President Barack Obama said an attack on Syria was going to be a pinprick.,"[['Barack Obama', 'people/person/employment_history./business/employment_tenure/title', 'President']]"
308,2489,358.json,False,"Hillary interned with Bob Treuhaft, the head of the California Communist Party.","[['Robert Treuhaft', 'organization/role/leaders./organization/leadership/person', 'Communist Party USA']]"
309,2494,8271.json,True,"Under Mayor Angel Taveras Providences bond rating was downgraded from A to BBB, two steps above junkbond status.","[['Angel Taveras', 'people/person/employment_history./business/employment_tenure/title', 'Mayor']]"
310,2499,10922.json,True,"In New Jersey, Gov. Christie vetoed legislation to extend early voting.","[['Wilhelm Frimann Koren Christie', 'people/person/employment_history./business/employment_tenure/title', '.gov'], ['Wilhelm Frimann Koren Christie', 'people/person/employment_history./business/employment_tenure/title', 'New Jersey']]"
311,2510,3149.json,False,Gov. Scott Walker and the Republicancontrolled state legislature have added over 140 million in new special interest spending,"[['Scott Walker (sanger)', 'people/person/employment_history./business/employment_tenure/title', '.gov']]"
312,2511,6002.json,True,"When it comes to what little bit of job creation was happening in Massachusetts when Mitt Romney was governor, it was happening in the public sector at six times the rate that it was happening in the private sector.","[['Mitt Romney', 'people/person/employment_history./business/employment_tenure/title', 'Governor']]"
313,2517,13515.json,False,"Says actor Dwayne The Rock Johnson wore a Tshirt stating We Stand for the flag, we kneel for the fallen.","[['Dwayne Johnson', 'people/person/employment_history./business/employment_tenure/title', 'Actor']]"
314,2531,4898.json,False,"President Barack Obama has now spent three years proving that he kills jobs in energy, he kills jobs in manufacturing.","[['Barack Obama', 'people/person/employment_history./business/employment_tenure/title', 'President']]"
315,2532,13459.json,False,Margaret Sanger wanted a black Christian leader to be like a Judas goat and lead the blacks to genocide. Remember that? And they picked Martin Luther King as their spokesman.,"[['Margaret Sanger', 'people/person/religion', '200'], ['Margaret Sanger', 'people/person/employment_history./business/employment_tenure/title', 'Leadership']]"
316,2573,6634.json,True,"Under President Bush in eight years, we added 4.9 trillion to the debt. Under President Obama, weve added 5.3 trillion to the debt in the 3.5 years hes been in office.","[['George W. Bush', 'people/person/employment_history./business/employment_tenure/title', 'President'], ['Barack Obama', 'people/person/employment_history./business/employment_tenure/title', 'President']]"
317,2585,6382.json,False,"In 2010, Betty Sutton voted to destroy Medicare.","[['Betty Sutton', 'organization/role/leaders./organization/leadership/person', 'Medicare (USA)']]"
318,2596,1071.json,False,White House spokesman Robert Gibbs lied when he said President Obamas birth certificate is posted on the Internet.,"[['Robert Gibbs', 'people/person/employment_history./business/employment_tenure/title', 'The Spokesman-Review'], ['Barack Obama', 'people/person/employment_history./business/employment_tenure/title', 'President'], ['Robert Gibbs', 'organization/role/leaders./organization/leadership/person', 'White House']]"
319,2232,402.json,False,The board of a nonprofit organization on which Obama served as a paid director ... granted funding to a controversial Arab group.,"[['Barack Obama', 'people/person/employment_history./business/employment_tenure/title', 'Director (business)']]"
320,2234,491.json,True,"McCain voted against a bill to ban waterboarding, and then applauded President Bush for vetoing that ban.","[['John McCain', 'people/person/employment_history./business/employment_tenure/title', 'George W. Bush'], ['George W. Bush', 'people/person/employment_history./business/employment_tenure/title', 'President']]"
321,2246,3322.json,False,Wisconsin Gov. Scott Walkers estimate of a 3.6 billion state budget deficit is manufactured and a bogus figure.,"[['Scott Walker (sanger)', 'people/person/employment_history./business/employment_tenure/title', '.gov']]"
322,2262,9349.json,True,Governor Scott Cut Taxes 40 Times For Florida Families,"[['Gabriel Scott', 'people/person/employment_history./business/employment_tenure/title', 'Governor']]"
323,2263,1954.json,True,"Every day, oil continues to pour into the Gulf of Mexico. ... Even with disaster on our coast..., Richard Burr voted to let big oil off the hook.","[['List of gulfs', 'location/country/languages_spoken', 'Mexico']]"
324,2279,5669.json,True,"Tim Kaine reduced higher education funding by 25 percent when he was governor, driving up tuition...","[['Tim Kaine', 'people/person/employment_history./business/employment_tenure/title', 'Governor']]"
325,2287,10239.json,False,"Keystone XL allows Canada to pump their oil, send it through our land, down to the Gulf, where it will be sold everywhere else.","[['Keystone Pipeline', 'organization/organization/headquarters./location/mailing_address/country', 'Canada']]"
326,2292,8611.json,True,"Just days ago, Irans Supreme Leader Ali Khamenei, who will oversee implementation of this agreement, was calling Israel a rabid dog and accusing the United States of war crimes.","[['Ali Khamenei', 'people/person/employment_history./business/employment_tenure/title', 'Supreme leader']]"
327,2296,2041.json,True,"Attorney General McCollum, SpeakerDesignate Cannon, Senate PresidentDesignate Haridopolos and I stood up to Governor Crist and worked to remove Jim Greer as Chairman because of his mismanagement of the party.","[['Mike Haridopolos', 'organization/role/leaders./organization/leadership/person', 'USAs senat'], ['CRIST', 'people/person/employment_history./business/employment_tenure/title', 'Governor'], ['Mike Haridopolos', 'organization/role/leaders./organization/leadership/person', 'USAs senat'], ['CJ McCollum', 'people/person/employment_history./business/employment_tenure/title', 'United States Attorney General'], ['CJ McCollum', 'organization/role/leaders./organization/leadership/person', '200']]"
328,2317,11042.json,True,Jasper County in Texas raised property taxes by 7 percent in order to pay for one death penalty case.,"[['County', 'location/hud_county_place/county', 'Jasper'], ['County', 'location/hud_county_place/county', 'Texas']]"
329,2328,6166.json,True,"As Massachusetts governor, Mitt Romney used a lineitem veto to cut millions of dollars for firefighting equipment, including firefighters coats, pants, helmets and boots.","[['Mitt Romney', 'people/person/employment_history./business/employment_tenure/title', 'Governor (United States)'], ['Mitt Romney', 'people/person/employment_history./business/employment_tenure/title', 'Governor']]"
330,2331,2194.json,False,"Over the time that President Obama has been in office, we have lost 2.5 million free enterprise system jobs, and, yet, 500,000 federal government jobs have been added.","[['Barack Obama', 'people/person/employment_history./business/employment_tenure/title', 'President']]"
331,2342,10236.json,False,Austin mayoral candidate Steve Adler has never been active in anything that has to do with City Hall.,"[['Steven Adler', 'people/person/employment_history./business/employment_tenure/title', 'Candidate']]"
332,2346,11432.json,False,"In Milwaukee County, juveniles arrested for car theft get sent immediately home, because under the point system in juvenile court on holding suspects, a stolen car gets zero points.","[['County', 'location/hud_county_place/county', 'Milwaukee']]"
333,2353,6027.json,True,Figures cited by Gov. Scott Walker are not commonly used to measure job creation.,"[['Scott Walker (sanger)', 'people/person/employment_history./business/employment_tenure/title', '.gov']]"
334,2355,4411.json,True,"The day President Obama took office, gasoline was 1.79 a gallon.","[['Barack Obama', 'people/person/employment_history./business/employment_tenure/title', 'President']]"
335,2372,6897.json,True,"On ending the war in Iraq, Gov. Romney said that was a tragic mistake, we should have left 30,000 troops there.","[['Mitt Romney', 'people/person/employment_history./business/employment_tenure/title', '.gov']]"
336,2385,10664.json,False,Says Ted Cruz just flipflopped about the president needing to be U.S.born.,"[['Ted Cruz', 'people/person/employment_history./business/employment_tenure/title', 'President'], ['Ted Cruz', 'people/person/employment_history./business/employment_tenure/title', 'President']]"
337,2387,7563.json,True,"If you go back to 1999, Wayne LaPierre testified on behalf of the NRA that background checks were appropriate and should be done.","[['Wayne LaPierre', 'organization/role/leaders./organization/leadership/person', 'National Rifle Association of America']]"
338,2393,7347.json,True,Says Gov. John Kasich can remove the president of the State Board of Education.,"[['John Kasich', 'people/person/employment_history./business/employment_tenure/title', '.gov'], ['John Kasich', 'people/person/employment_history./business/employment_tenure/title', 'President']]"
339,2397,8112.json,False,A judge took the Star Scientific tax case away from Ken Cuccinelli,"[['Judge', 'people/person/employment_history./business/employment_tenure/title', 'Ken Cuccinelli']]"
340,2406,7652.json,False,"Gov. Scott Walker is more than halfway to his 250,000 jobs goal.","[['Scott Walker (sanger)', 'people/person/employment_history./business/employment_tenure/title', '.gov']]"
341,2409,1729.json,True,"U.S. Rep. Bill Young has accepted 737,000 from lobbyists and recipients of his earmarks.","[['Bill Young', 'people/person/employment_history./business/employment_tenure/title', 'REP']]"
342,2411,1550.json,True,Debt has almost doubled in Austin under Gov. Perry.,"[['Katy Perry', 'people/person/employment_history./business/employment_tenure/title', '.gov']]"
343,2419,6032.json,True,Georgia Public Service Commission member Stan Wise has received about 95 percent of his campaign money from the utilities he is supposed to be regulating.,"[['200', 'organization/role/leaders./organization/leadership/person', 'Georgia Public Service Commission']]"
344,2423,3744.json,True,Says Rick Perry turned down our invitation to meet President Barack Obama in El Paso.,"[['Barack Obama', 'people/person/employment_history./business/employment_tenure/title', 'President']]"
345,2433,4388.json,False,Mayor Fung wants to punish our childrens education by removing 12 million dollars from current funding to pay for his private charter school. Your taxes would increase by between 6 and 8 percent per year.,"[['Fung', 'people/person/employment_history./business/employment_tenure/title', 'Mayor']]"
346,2437,3959.json,True,"Says an alternative to Social Security that operates in Galveston County, Texas, has meant that participants will retire with a whole lot more money than under Social Security.","[['County', 'location/hud_county_place/county', 'Galveston']]"
